-- Migration MySQL vers PostgreSQL pour SBL
-- Désactiver les contraintes temporairement
SET session_replication_role = 'replica';

-- Vider les tables existantes (dans l'ordre inverse des dépendances)
TRUNCATE TABLE team_stat CASCADE;
TRUNCATE TABLE registration CASCADE;
TRUNCATE TABLE game CASCADE;
TRUNCATE TABLE player CASCADE;
TRUNCATE TABLE division CASCADE;
TRUNCATE TABLE team CASCADE;
TRUNCATE TABLE game_status CASCADE;
TRUNCATE TABLE season CASCADE;

-- 1. Insérer les saisons
INSERT INTO season (id, name, start_date, end_date) VALUES
(1, 'Saison I', '2022-03-21', '2022-05-02'),
(2, 'Saison II', '2022-11-07', '2022-12-31'),
(3, 'saison III', '2025-08-26', '2025-08-27');

-- 2. Insérer les statuts de jeu
INSERT INTO game_status (id, name) VALUES
(1, 'à jouer'),
(2, 'joué'),
(3, 'en cours'),
(4, 'reporté');

-- 3. Insérer les équipes (sans captain_id pour l'instant)
INSERT INTO team (id, captain_id, name) VALUES
(1, NULL, '999'),
(2, NULL, 'bloody wave'),
(3, NULL, 'dowak'),
(4, NULL, 'éclipse'),
(5, NULL, 'emt freepainters'),
(6, NULL, 'FC Luigi'),
(7, NULL, 'FR-Nal'),
(8, NULL, 'Ink Souls'),
(9, NULL, 'Lightning Squid'),
(10, NULL, 'Mugiwara'),
(11, NULL, 'Nærgy'),
(12, NULL, 'Nozomi Team'),
(13, NULL, 'Potenco Esport'),
(14, NULL, 'Reborn of Pi Formula !'),
(15, NULL, 'Salade de fruits'),
(16, NULL, 'The shark didn''t swim'),
(17, NULL, 'WOAH'),
(18, NULL, 'Zemiao'),
(19, NULL, '(Ze) Squid Game'),
(20, NULL, 'Test Team API'),
(22, NULL, 'Test Team Avec Auth'),
(23, NULL, '1904'),
(24, NULL, 'Smile'),
(25, NULL, 'Overclock'),
(26, NULL, 'Wisteria'),
(27, NULL, 'Vaporwave'),
(28, NULL, 'X-two'),
(29, NULL, 'Shinobi Squad'),
(30, NULL, 'EKIP'),
(31, NULL, 'Octalers'),
(32, NULL, 'Zignaw'),
(33, NULL, 'Kensa Plague'),
(34, NULL, 'Snowball'),
(35, NULL, 'Arithmetic'),
(36, NULL, 'Ink Soul : Maria'),
(37, NULL, 'Aigr''ink'),
(38, NULL, 'Team 7'),
(39, NULL, 'Shining Storm'),
(40, NULL, 'Inflamaska Squids'),
(41, NULL, 'SplatDiamond Gamma'),
(42, NULL, 'Polarus'),
(43, NULL, 'Splash Harmony'),
(44, NULL, 'Yonko'),
(45, NULL, 'Infinity'),
(46, NULL, 'NightSquid'),
(47, NULL, 'Splash Mirrors 3'),
(48, NULL, 'Bloody Wave'),
(49, NULL, 'Ink Souls : Sina'),
(50, NULL, 'Inkredible Squid'),
(51, NULL, 'Old Guys Green'),
(52, NULL, 'SplateuxFR'),
(53, NULL, 'Team Xanax'),
(54, NULL, 'Old Guys Blue');

-- 4. Insérer les divisions
INSERT INTO division (id, season_id, name) VALUES
(1, 1, 'division 1'),
(2, 1, 'division 2'),
(3, 1, 'division 3'),
(4, 1, 'division 4'),
(5, 2, 'division 1'),
(6, 2, 'division 2'),
(7, 2, 'division 3'),
(8, 2, 'division 4'),
(9, 2, 'division 5'),
(10, 2, 'division 6');

-- 5. Insérer les joueurs
INSERT INTO player (id, team_id, name, discord) VALUES
(1, 1, 'Akiib', NULL),
(2, 1, 'ku', NULL),
(3, 1, 'Yanis', NULL),
(4, 1, 'Ameko', NULL),
(5, 1, 'Sulfu', NULL),
(6, 1, 'Oni', NULL),
(7, 1, 'To', NULL),
(8, 1, 'Ed', NULL),
(9, 2, 'FloĐ', NULL),
(10, 2, 'Lexall', NULL),
(11, 2, 'BoyzNoise', NULL),
(12, 2, 'Dudu', NULL),
(13, 3, 'Elfy', NULL),
(14, 3, 'TryGa', NULL),
(15, 3, 'Blast', NULL),
(16, 3, 'Quentin', NULL),
(17, 3, 'Flash', NULL),
(18, 3, 'Delta', NULL),
(19, 3, 'Wolty', NULL),
(20, 3, 'Nathendo', NULL),
(21, 4, 'Kirby', NULL),
(22, 4, 'Potoca', NULL),
(23, 4, 'Pouletroti', NULL),
(24, 4, 'Paolo', NULL),
(25, 4, 'River', NULL),
(26, 5, 'Mozak', NULL),
(27, 5, 'Fifi', NULL),
(28, 5, 'Gipe', NULL),
(29, 5, 'Nick', NULL),
(30, 5, 'Tsukki', NULL),
(31, 5, 'Giovi', NULL),
(32, 6, 'magno', NULL),
(33, 6, 'Yuni', NULL),
(34, 6, 'Maxy', NULL),
(35, 6, 'Haruu', NULL),
(36, 6, 'Target', NULL),
(37, 6, 'yukii', NULL),
(38, 6, 'DieuBen', NULL),
(39, 6, 'FCL Asmar', NULL),
(40, 7, 'Ashy', NULL),
(41, 7, 'Genix', NULL),
(42, 7, 'Mr Seryze', NULL),
(43, 7, 'Abyss', NULL),
(44, 7, 'kittean', NULL),
(45, 7, 'EzioEnzo', NULL),
(46, 8, 'Splatos', NULL),
(47, 8, 'Low', NULL),
(48, 8, 'Aiiryy', NULL),
(49, 8, 'Asura', NULL),
(50, 8, 'Naova', NULL),
(51, 8, 'Val', NULL),
(52, 8, 'Last64', NULL),
(53, 8, 'Yukino', NULL),
(54, 8, 'Emilie', NULL),
(55, 9, 'Smyley', NULL),
(56, 9, 'Lumo', NULL),
(57, 9, 'Kiwi', NULL),
(58, 9, 'Squidshy', NULL),
(59, 9, 'Shew', NULL),
(60, 9, 'Yotzz', NULL),
(61, 10, 'Atsuuya', NULL),
(62, 10, 'Yegzu', NULL),
(63, 10, 'ibi', NULL),
(64, 10, 'HyLink', NULL),
(65, 10, 'Yu', NULL),
(66, 10, 'Choyo', NULL),
(67, 11, 'StarStar', NULL),
(68, 11, 'Sakamata', NULL),
(69, 11, 'Kyxo', NULL),
(70, 11, 'Aera', NULL),
(71, 11, 'Argo', NULL),
(72, 11, 'Suya', NULL),
(73, 11, 'Akiha', NULL),
(74, 12, 'Lucky', NULL),
(75, 12, 'Ocluus', NULL),
(76, 12, 'Chacha', NULL),
(77, 12, 'Phoenix', NULL),
(78, 13, 'Kefgeru', NULL),
(79, 13, 'Asfo', NULL),
(80, 13, 'Kayora', NULL),
(81, 13, 'Tonic', NULL),
(82, 13, 'After', NULL),
(83, 14, 'Miracle Suya !', NULL),
(84, 14, 'Prism', NULL),
(85, 14, 'Kigam', NULL),
(86, 14, 'Mishy', NULL),
(87, 14, 'Xone', NULL),
(88, 14, 'Dream', NULL),
(89, 15, 'Nepia', NULL),
(90, 15, 'Shark', NULL),
(91, 15, 'Solenya', NULL),
(92, 15, 'Yeti', NULL),
(93, 15, 'Moogy', NULL),
(94, 15, 'Linda', NULL),
(95, 15, 'Sam', NULL),
(96, 16, 'Octo06', NULL),
(97, 16, 'Zeyga', NULL),
(98, 16, 'Bomm', NULL),
(99, 16, 'Nonooctopus64', NULL),
(100, 16, 'tibo', NULL),
(101, 17, 'naova', NULL),
(102, 17, 'anantas', NULL),
(103, 17, 'POTATO', NULL),
(104, 17, 'mikaaa', NULL),
(105, 17, 'hinawa', NULL),
(106, 17, 'capy', NULL),
(107, 17, 'draco', NULL),
(108, 18, 'XW9', NULL),
(109, 18, 'Daily', NULL),
(110, 18, 'Black-out', NULL),
(111, 18, 'Liona', NULL),
(112, 18, 'Atlas', NULL),
(113, 18, 'Akio', NULL),
(114, 18, 'ASRODD', NULL),
(115, 18, 'Orakier', NULL),
(116, 19, 'Yoshisgamer', NULL),
(117, 19, 'Can4rd', NULL),
(118, 19, 'Ichika', NULL),
(119, 19, 'Ap', NULL),
(120, 19, 'Soarn', NULL);

-- 6. Insérer les matchs
INSERT INTO game (id, team1_id, team2_id, status_id, division_id, date, week, score1, score2, winner, is_forfeit, forfeit_team, forfeit_reason) VALUES
(1, 15, 14, 2, 1, '2022-03-26 22:35:00', 1, 4, 3, 1, false, NULL, NULL),
(2, 19, 6, 2, 1, '2022-03-27 18:36:00', 1, 0, 4, 1, false, NULL, NULL),
(3, 15, 6, 2, 1, '2022-04-03 16:40:00', 2, 4, 0, 1, false, NULL, NULL),
(4, 14, 19, 2, 1, '2022-04-03 15:36:00', 2, 4, 0, 1, false, NULL, NULL),
(5, 15, 19, 2, 1, '2022-04-09 20:52:00', 3, 1, 4, 1, false, NULL, NULL),
(6, 6, 14, 2, 1, '2022-04-24 13:15:00', 3, 0, 4, 2, true, 1, NULL),
(7, 15, 14, 2, 1, '2022-05-14 22:49:00', 4, 0, 0, 2, false, NULL, NULL),
(8, 19, 6, 2, 1, '2022-05-24 13:14:00', 4, 4, 2, 1, true, 2, NULL),
(9, 15, 6, 2, 1, '2022-05-01 20:43:00', 5, 4, 0, 1, true, 2, NULL),
(10, 14, 19, 2, 1, '2022-05-01 20:22:00', 5, 0, 4, 2, false, NULL, NULL),
(11, 15, 19, 2, 1, '2022-05-07 22:33:00', 6, 1, 4, 2, false, NULL, NULL),
(12, 6, 14, 2, 1, '2022-05-01 20:43:00', 6, 0, 4, 2, true, 1, NULL),
(13, 17, 8, 2, 2, NULL, 1, 0, 4, 2, false, NULL, NULL),
(14, 3, 10, 2, 2, NULL, 1, 3, 4, 2, false, NULL, NULL),
(15, 17, 10, 2, 2, NULL, 2, 4, 2, 1, false, NULL, NULL),
(16, 8, 3, 2, 2, NULL, 2, 3, 4, 2, false, NULL, NULL),
(17, 17, 3, 2, 2, NULL, 3, 4, 2, 1, false, NULL, NULL),
(18, 10, 8, 2, 2, NULL, 3, 4, 3, 1, false, NULL, NULL),
(19, 17, 8, 2, 2, NULL, 4, 4, 0, 1, false, NULL, NULL),
(20, 3, 10, 2, 2, NULL, 4, 4, 0, 1, true, 2, NULL),
(21, 17, 10, 2, 2, NULL, 5, 4, 0, 1, true, 2, NULL),
(22, 8, 3, 2, 2, NULL, 5, 4, 3, 1, false, NULL, NULL),
(23, 17, 3, 2, 2, NULL, 6, 3, 4, 2, false, NULL, NULL),
(24, 10, 8, 2, 2, NULL, 6, 0, 4, 2, true, 1, NULL),
(25, 5, 7, 2, 3, NULL, 1, 4, 0, 1, false, NULL, NULL),
(26, 11, 16, 2, 3, NULL, 1, 4, 1, 1, false, NULL, NULL),
(27, 1, 4, 2, 3, NULL, 1, 4, 0, 1, false, NULL, NULL),
(28, 5, 16, 2, 3, NULL, 2, 1, 4, 2, false, NULL, NULL),
(29, 7, 4, 2, 3, NULL, 2, 0, 4, 2, false, NULL, NULL),
(30, 11, 1, 2, 3, NULL, 2, 0, 4, 2, false, NULL, NULL),
(31, 5, 4, 2, 3, NULL, 3, 4, 2, 1, false, NULL, NULL),
(32, 16, 1, 2, 3, NULL, 3, 3, 4, 2, false, NULL, NULL),
(33, 7, 11, 2, 3, NULL, 3, 0, 4, 2, false, NULL, NULL),
(34, 5, 1, 2, 3, NULL, 4, 3, 4, 2, false, NULL, NULL),
(35, 4, 11, 2, 3, NULL, 4, 1, 4, 2, false, NULL, NULL),
(36, 16, 7, 2, 3, NULL, 4, 4, 0, 1, false, NULL, NULL),
(37, 5, 11, 2, 3, NULL, 5, 0, 4, 2, false, NULL, NULL),
(38, 1, 7, 2, 3, NULL, 5, 4, 0, 1, true, 2, NULL),
(39, 4, 16, 2, 3, NULL, 5, 4, 0, 1, false, NULL, NULL),
(40, 18, 12, 2, 4, NULL, 1, 4, 0, 1, true, 2, NULL),
(41, 2, 13, 2, 4, NULL, 1, 4, 2, 1, false, NULL, NULL),
(42, 9, 12, 2, 4, NULL, 2, 4, 0, 1, true, 2, NULL),
(43, 18, 2, 2, 4, NULL, 2, 4, 2, 1, false, NULL, NULL),
(44, 9, 13, 2, 4, NULL, 3, 0, 4, 2, true, 1, NULL),
(45, 12, 2, 2, 4, NULL, 3, 0, 4, 2, true, 1, NULL),
(46, 9, 2, 2, 4, NULL, 4, 4, 0, 2, false, NULL, NULL),
(47, 13, 18, 2, 4, NULL, 4, 0, 4, 2, false, NULL, NULL),
(48, 9, 18, 2, 4, NULL, 5, 0, 4, 2, false, NULL, NULL),
(49, 13, 12, 2, 4, NULL, 5, 4, 0, 1, true, 2, NULL),
(50, 23, 25, 2, 5, NULL, 1, 4, 0, 1, false, NULL, NULL),
(51, 24, 26, 2, 5, NULL, 1, 4, 1, 1, false, NULL, NULL),
(52, 23, 26, 2, 5, NULL, 2, 4, 0, 1, false, NULL, NULL),
(53, 25, 24, 2, 5, NULL, 2, 0, 4, 2, true, 1, NULL),
(54, 23, 24, 2, 5, NULL, 3, 1, 4, 2, false, NULL, NULL),
(55, 26, 25, 2, 5, NULL, 3, 0, 4, 2, false, NULL, NULL),
(56, 23, 25, 2, 5, NULL, 4, 4, 0, 1, false, NULL, NULL),
(57, 24, 26, 2, 5, NULL, 4, 4, 0, 1, false, NULL, NULL),
(58, 23, 26, 2, 5, NULL, 5, 4, 0, 1, false, NULL, NULL),
(59, 25, 24, 2, 5, NULL, 5, 4, 0, 1, false, NULL, NULL),
(60, 23, 24, 2, 5, NULL, 6, 0, 4, 2, false, NULL, NULL),
(61, 26, 25, 2, 5, NULL, 6, 0, 4, 2, false, NULL, NULL),
(74, 27, 31, 2, 6, NULL, 1, 4, 1, 1, false, NULL, NULL),
(75, 30, 29, 2, 6, NULL, 1, 1, 4, 2, false, NULL, NULL),
(76, 28, 32, 2, 6, NULL, 1, 4, 0, 1, true, 2, NULL),
(77, 27, 29, 2, 6, NULL, 2, 4, 1, 1, false, NULL, NULL),
(78, 31, 32, 2, 6, NULL, 2, 4, 0, 1, true, 2, NULL),
(79, 30, 28, 2, 6, NULL, 2, 0, 4, 2, false, NULL, NULL),
(80, 27, 32, 2, 6, NULL, 3, 4, 0, 1, true, 2, NULL),
(81, 29, 28, 2, 6, NULL, 3, 3, 4, 2, false, NULL, NULL),
(82, 31, 30, 2, 6, NULL, 3, 0, 0, NULL, false, NULL, NULL),
(83, 27, 28, 2, 6, NULL, 4, 4, 1, 1, false, NULL, NULL),
(84, 32, 30, 2, 6, NULL, 4, 0, 4, 2, true, 1, NULL),
(85, 29, 31, 2, 6, NULL, 4, 4, 0, 1, false, NULL, NULL),
(86, 27, 30, 2, 6, NULL, 5, 4, 0, 1, false, NULL, NULL),
(87, 28, 31, 2, 6, NULL, 5, 4, 0, 1, false, NULL, NULL),
(88, 32, 29, 2, 6, NULL, 5, 0, 4, 2, true, 1, NULL),
(89, 37, 35, 2, 7, NULL, 1, 0, 4, 2, true, 1, NULL),
(90, 34, 33, 2, 7, NULL, 1, 1, 4, 2, false, NULL, NULL),
(91, 36, 18, 2, 7, NULL, 1, 4, 1, 1, false, NULL, NULL),
(92, 37, 33, 2, 7, NULL, 2, 0, 4, 2, true, 1, NULL),
(93, 35, 18, 2, 7, NULL, 2, 4, 1, 1, false, NULL, NULL),
(94, 34, 36, 2, 7, NULL, 2, 4, 1, 1, false, NULL, NULL),
(95, 37, 18, 2, 7, NULL, 3, 0, 4, 2, true, 1, NULL),
(96, 33, 36, 2, 7, NULL, 3, 4, 1, 1, false, NULL, NULL),
(97, 35, 34, 2, 7, NULL, 3, 4, 3, 1, false, NULL, NULL),
(98, 37, 36, 2, 7, NULL, 4, 0, 4, 2, true, 1, NULL),
(99, 18, 34, 2, 7, NULL, 4, 2, 4, 2, false, NULL, NULL),
(100, 33, 35, 2, 7, NULL, 4, 4, 0, 1, false, NULL, NULL),
(101, 37, 34, 2, 7, NULL, 5, 0, 4, 2, true, 1, NULL),
(102, 36, 35, 2, 7, NULL, 5, 4, 3, 1, false, NULL, NULL),
(103, 18, 33, 2, 7, NULL, 5, 0, 4, 2, false, NULL, NULL),
(104, 38, 42, 2, 8, NULL, 1, 4, 2, 1, false, NULL, NULL),
(105, 39, 43, 2, 8, NULL, 1, 4, 0, 1, true, 2, NULL),
(106, 41, 40, 2, 8, NULL, 1, 3, 4, 2, false, NULL, NULL),
(107, 38, 43, 2, 8, NULL, 2, 4, 0, 1, true, 2, NULL),
(108, 42, 40, 2, 8, NULL, 2, 0, 4, 2, false, NULL, NULL),
(109, 39, 41, 2, 8, NULL, 2, 4, 1, 1, false, NULL, NULL),
(110, 38, 40, 2, 8, NULL, 3, 4, 0, 1, false, NULL, NULL),
(111, 43, 41, 2, 8, NULL, 3, 0, 4, 2, true, 1, NULL),
(112, 42, 39, 2, 8, NULL, 3, 0, 4, 2, false, NULL, NULL),
(113, 38, 41, 2, 8, NULL, 4, 4, 1, 1, false, NULL, NULL),
(114, 40, 39, 2, 8, NULL, 4, 1, 4, 2, false, NULL, NULL),
(115, 43, 42, 2, 8, NULL, 4, 0, 4, 2, true, 1, NULL),
(116, 38, 39, 2, 8, NULL, 5, 4, 0, 1, false, NULL, NULL),
(117, 41, 42, 2, 8, NULL, 5, 4, 2, 1, false, NULL, NULL),
(118, 40, 43, 2, 8, NULL, 5, 4, 0, 1, true, 2, NULL),
(119, 45, 44, 2, 9, NULL, 1, 4, 2, 1, false, NULL, NULL),
(120, 46, 2, 2, 9, NULL, 1, 4, 1, 1, false, NULL, NULL),
(121, 49, 47, 2, 9, NULL, 1, 3, 4, 2, false, NULL, NULL),
(122, 45, 2, 2, 9, NULL, 2, 4, 1, 1, false, NULL, NULL),
(123, 44, 47, 2, 9, NULL, 2, 4, 2, 1, false, NULL, NULL),
(124, 46, 49, 2, 9, NULL, 2, 4, 0, 1, false, NULL, NULL),
(125, 45, 47, 2, 9, NULL, 3, 4, 1, 1, false, NULL, NULL),
(126, 2, 49, 2, 9, NULL, 3, 4, 2, 1, false, NULL, NULL),
(127, 44, 46, 2, 9, NULL, 3, 4, 2, 1, false, NULL, NULL),
(128, 45, 49, 2, 9, NULL, 4, 4, 2, 1, false, NULL, NULL),
(129, 47, 46, 2, 9, NULL, 4, 4, 3, 1, false, NULL, NULL),
(130, 2, 44, 2, 9, NULL, 4, 0, 4, 2, false, NULL, NULL),
(131, 45, 46, 2, 9, NULL, 5, 1, 4, 2, false, NULL, NULL),
(132, 49, 44, 2, 9, NULL, 5, 2, 4, 2, false, NULL, NULL),
(133, 47, 2, 2, 9, NULL, 5, 4, 0, 1, false, NULL, NULL),
(134, 50, 51, 2, 10, NULL, 1, 3, 2, NULL, false, NULL, NULL),
(135, 13, 52, 2, 10, NULL, 1, 4, 0, NULL, false, NULL, NULL),
(136, 53, 54, 2, 10, NULL, 1, 4, 1, NULL, false, NULL, NULL),
(137, 50, 13, 2, 10, NULL, 2, 0, 4, NULL, false, NULL, NULL),
(138, 51, 52, 2, 10, NULL, 2, 4, 0, NULL, false, NULL, NULL),
(139, 53, 50, 2, 10, NULL, 3, 1, 4, NULL, false, NULL, NULL),
(140, 54, 13, 2, 10, NULL, 3, 2, 4, NULL, false, NULL, NULL),
(141, 51, 53, 2, 10, NULL, 4, 2, 4, NULL, false, NULL, NULL),
(142, 52, 54, 2, 10, NULL, 4, 0, 4, NULL, false, NULL, NULL),
(143, 50, 52, 2, 10, NULL, 5, 4, 0, NULL, false, NULL, NULL),
(144, 13, 51, 2, 10, NULL, 5, 4, 1, NULL, false, NULL, NULL),
(145, 53, 13, 2, 10, NULL, 6, 2, 4, NULL, false, NULL, NULL),
(146, 54, 51, 2, 10, NULL, 6, 3, 2, NULL, false, NULL, NULL),
(147, 52, 53, 2, 10, NULL, 7, 0, 4, NULL, false, NULL, NULL),
(148, 54, 50, 2, 10, NULL, 7, 1, 4, NULL, false, NULL, NULL);

-- 7. Insérer les statistiques d'équipe
INSERT INTO team_stat (id, team_id, division_id, points, ties, wins, losses, win_rounds, loose_rounds) VALUES
(1, 19, 1, 15, 0, 5, 1, 16, 12),
(2, 14, 1, 12, 0, 4, 2, 7, 8),
(3, 15, 1, 9, 0, 3, 3, 10, 11),
(4, 6, 1, 0, 0, 0, 6, 6, 8),
(5, 17, 2, 12, 0, 4, 2, 15, 12),
(6, 8, 2, 9, 0, 3, 3, 14, 15),
(7, 3, 2, 9, 0, 3, 3, 16, 18),
(8, 10, 2, 6, 0, 2, 4, 10, 10),
(9, 1, 3, 15, 0, 5, 0, 16, 6),
(10, 11, 3, 12, 0, 4, 1, 16, 6),
(11, 4, 3, 6, 0, 2, 3, 11, 12),
(12, 16, 3, 6, 0, 2, 3, 12, 13),
(13, 5, 3, 6, 0, 2, 3, 12, 14),
(14, 7, 3, 0, 0, 0, 5, 0, 21),
(15, 18, 4, 12, 0, 4, 0, 12, 2),
(16, 2, 4, 6, 0, 2, 2, 6, 10),
(17, 13, 4, 6, 0, 2, 2, 2, 8),
(18, 9, 4, 6, 0, 2, 2, 4, 4),
(19, 12, 4, 0, 0, 0, 4, 0, 0),
(20, 23, 5, 12, 0, 4, 2, 17, 8),
(21, 24, 5, 15, 0, 5, 1, 21, 6),
(22, 25, 5, 9, 0, 3, 3, 12, 13),
(23, 26, 5, 0, 0, 0, 6, 1, 24),
(24, 27, 6, 15, 0, 5, 0, 16, 3),
(25, 28, 6, 12, 0, 4, 1, 13, 7),
(26, 29, 6, 9, 0, 3, 2, 12, 9),
(27, 30, 6, 4, 1, 1, 3, 1, 12),
(28, 31, 6, 4, 1, 1, 3, 1, 12),
(29, 32, 6, 0, 0, 0, 5, 0, 0),
(30, 33, 7, 15, 0, 5, 0, 16, 2),
(31, 34, 7, 9, 0, 3, 2, 12, 11),
(32, 35, 7, 9, 0, 3, 2, 11, 12),
(33, 36, 7, 9, 0, 3, 2, 10, 12),
(34, 18, 7, 3, 0, 1, 4, 4, 16),
(35, 37, 7, 0, 0, 0, 5, 0, 0),
(36, 38, 8, 15, 0, 5, 0, 16, 3),
(37, 39, 8, 12, 0, 4, 1, 12, 6),
(38, 40, 8, 9, 0, 3, 2, 9, 11),
(39, 41, 8, 6, 0, 2, 3, 9, 14),
(40, 42, 8, 3, 0, 1, 4, 4, 16),
(41, 43, 8, 0, 0, 0, 5, 0, 0),
(42, 44, 9, 12, 0, 4, 1, 18, 10),
(43, 45, 9, 12, 0, 4, 1, 17, 10),
(44, 46, 9, 9, 0, 3, 2, 17, 10),
(45, 47, 9, 9, 0, 3, 2, 15, 14),
(46, 2, 9, 3, 0, 1, 4, 6, 18),
(47, 49, 9, 0, 0, 0, 5, 9, 20),
(48, 50, 10, 15, 0, 5, 0, 20, 2),
(49, 51, 10, 12, 0, 4, 1, 18, 7),
(50, 13, 10, 9, 0, 3, 2, 12, 13),
(51, 52, 10, 6, 0, 2, 2, 11, 16),
(52, 53, 10, 3, 0, 1, 4, 10, 16),
(53, 54, 10, 0, 0, 0, 5, 3, 20);

-- 8. Insérer les inscriptions
INSERT INTO registration (id, season_id, team_id) VALUES
(1, 2, 1),
(2, 2, 2),
(3, 2, 3),
(4, 2, 4);

-- Réactiver les contraintes
SET session_replication_role = 'origin';

-- Mettre à jour les séquences
SELECT setval('season_id_seq', (SELECT MAX(id) FROM season));
SELECT setval('game_status_id_seq', (SELECT MAX(id) FROM game_status));
SELECT setval('team_id_seq', (SELECT MAX(id) FROM team));
SELECT setval('division_id_seq', (SELECT MAX(id) FROM division));
SELECT setval('player_id_seq', (SELECT MAX(id) FROM player));
SELECT setval('game_id_seq', (SELECT MAX(id) FROM game));
SELECT setval('team_stat_id_seq', (SELECT MAX(id) FROM team_stat));
SELECT setval('registration_id_seq', (SELECT MAX(id) FROM registration));
